2020;5;19;14;15;1;14;1;19/05/2020
2020;5;19;14;15;2;16;2;
2020;5;19;14;16;3;0;3;
2020;5;19;14;16;0;12;4;
2020;5;19;14;16;0;18;5;
2020;5;19;14;16;0;2;6;
2020;5;19;14;16;0;8;7;
2020;5;19;14;16;0;20;8;
2020;5;19;14;16;0;4;9;
2020;5;19;14;17;0;6;10;
2020;5;19;14;17;0;20;11;
2020;5;19;14;17;0;6;12;
2020;5;19;14;17;0;4;13;
2020;5;19;14;17;0;20;14;
2020;5;19;14;18;0;8;15;
2020;5;19;14;18;0;2;16;
2020;5;19;14;15;0;18;17;
2020;5;19;14;15;0;12;18;
2020;5;19;14;15;0;0;19;
2020;5;19;14;15;0;16;20;
2020;5;19;14;15;0;14;21;
2020;5;19;14;15;0;0;22;
2020;5;19;14;15;0;14;23;
2020;5;19;14;15;0;16;24;
2020;5;19;14;15;0;0;25;
2020;5;19;14;15;0;12;26;
2020;5;19;14;15;0;18;27;
2020;5;19;14;15;0;2;28;
2020;5;19;14;15;0;8;29;
2020;5;19;14;15;0;20;30;
2020;5;19;14;15;0;4;31;
2020;5;19;14;15;0;6;32;
2020;5;19;14;15;0;20;33;
2020;5;19;14;15;0;6;34;
2020;5;19;14;15;0;4;35;
2020;5;19;14;15;0;20;36;
2020;5;19;14;15;0;8;37;
2020;5;19;14;15;0;2;38;
2020;5;19;14;15;0;18;39;
2020;5;19;14;15;0;12;40;
2020;5;19;14;15;0;0;41;
2020;5;19;14;15;0;16;42;
2020;5;19;14;15;0;14;43;
2020;5;19;14;15;0;0;44;
2020;5;19;14;15;0;14;45;
2020;5;19;14;15;0;16;46;
2020;5;19;14;15;0;0;47;
2020;5;19;14;15;0;12;48;
2020;5;19;14;15;0;18;49;
2020;5;19;14;15;0;2;50;
2020;5;19;14;15;0;8;51;
2020;5;19;14;15;0;20;52;
2020;5;19;14;15;0;4;53;
2020;5;19;14;15;0;6;54;
2020;5;19;14;15;0;20;55;
2020;5;19;14;15;0;6;56;
2020;5;19;14;15;0;4;57;
2020;5;19;14;15;0;20;58;
2020;5;19;14;15;0;8;59;
2020;5;19;14;15;0;2;60;
2020;5;19;14;15;0;18;61;
2020;5;19;14;15;0;10;62;
2020;5;19;14;15;0;0;63;
2020;5;19;14;15;0;16;64;
2020;5;19;14;15;0;14;65;
2020;5;19;14;15;0;0;66;
2020;5;19;14;15;0;14;67;
2020;5;19;14;15;0;16;68;
2020;5;19;14;15;0;0;69;
2020;5;19;14;15;0;12;70;
2020;5;19;14;15;0;18;71;
2020;5;19;14;15;0;2;72;
2020;5;19;14;15;0;10;73;
2020;5;19;14;15;0;20;74;
2020;5;19;14;15;0;4;75;
2020;5;19;14;15;0;6;76;
2020;5;19;14;15;0;20;77;
2020;5;19;14;15;0;6;78;
2020;5;19;14;15;0;4;79;
2020;5;19;14;15;0;20;80;
2020;5;19;14;15;0;8;81;
2020;5;19;14;15;0;2;82;
2020;5;19;14;15;0;18;83;
2020;5;19;14;15;0;10;84;
2020;5;19;14;15;0;0;85;
2020;5;19;14;15;0;18;86;
2020;5;19;14;15;0;14;87;
2020;5;19;14;15;0;0;88;
2020;5;19;14;15;0;14;89;
2020;5;19;14;15;0;16;90;
2020;5;19;14;15;0;0;91;
2020;5;19;14;15;0;12;92;
2020;5;19;14;15;0;18;93;
2020;5;19;14;15;0;2;94;
2020;5;19;14;15;0;10;95;
2020;5;19;14;15;0;20;96;
2020;5;19;14;15;0;2;97;
2020;5;19;14;15;0;6;98;
2020;5;19;14;15;0;20;99;
2020;5;19;14;15;0;6;100;
2020;5;19;14;15;0;4;101;
2020;5;19;14;15;0;20;102;
2020;5;19;14;15;0;8;103;
2020;5;19;14;15;0;2;104;
2020;5;19;14;15;0;18;105;
2020;5;19;14;15;0;10;106;
2020;5;19;14;15;0;0;107;
2020;5;19;14;15;0;18;108;
2020;5;19;14;15;0;14;109;
2020;5;19;14;15;0;0;110;
2020;5;19;14;15;0;14;111;
2020;5;19;14;15;0;16;112;
2020;5;19;14;15;0;0;113;
2020;5;19;14;15;0;12;114;
2020;5;19;14;15;0;18;115;
2020;5;19;14;15;0;2;116;
2020;5;19;14;15;0;10;117;
2020;5;19;14;15;0;20;118;
2020;5;19;14;15;0;2;119;
2020;5;19;14;15;0;6;120;
2020;5;19;14;15;0;20;121;
2020;5;19;14;15;0;4;122;
2020;5;19;14;15;0;4;123;
2020;5;19;14;15;0;20;124;
2020;5;19;14;15;0;8;125;
2020;5;19;14;15;0;2;126;
2020;5;19;14;15;0;18;127;
2020;5;19;14;15;0;10;128;
2020;5;19;14;15;0;0;129;
2020;5;19;14;15;0;18;130;
2020;5;19;14;15;0;14;131;
2020;5;19;14;15;0;0;132;
2020;5;19;14;15;0;16;133;
2020;5;19;14;15;0;16;134;
2020;5;19;14;15;0;0;135;
2020;5;19;14;15;0;12;136;
2020;5;19;14;15;0;18;137;
2020;5;19;14;15;0;2;138;
2020;5;19;14;15;0;10;139;
2020;5;19;14;15;0;20;140;
2020;5;19;14;15;0;2;141;
2020;5;19;14;15;0;6;142;
2020;5;19;14;15;0;20;143;
2020;5;19;14;15;0;4;144;
2020;5;19;14;15;0;4;145;
2020;5;19;14;15;0;20;146;
2020;5;19;14;15;0;8;147;
2020;5;19;14;15;0;2;148;
2020;5;19;14;15;0;18;149;
2020;5;19;14;15;0;10;150;
2020;5;19;14;15;0;0;151;
2020;5;19;14;15;0;18;152;
2020;5;19;14;15;0;14;153;
2020;5;19;14;15;0;0;154;
2020;5;19;14;15;0;16;155;
2020;5;19;14;15;0;16;156;
2020;5;19;14;15;0;0;157;
2020;5;19;14;15;0;12;158;
2020;5;19;14;15;0;18;159;
2020;5;19;14;15;0;0;160;
2020;5;19;14;15;0;10;161;
2020;5;19;14;15;0;20;162;
2020;5;19;14;15;0;2;163;
2020;5;19;14;15;0;8;164;
2020;5;19;14;15;0;20;165;
2020;5;19;14;15;0;4;166;
2020;5;19;14;15;0;4;167;
2020;5;19;14;15;0;20;168;
2020;5;19;14;15;0;8;169;
2020;5;19;14;15;0;2;170;
2020;5;19;14;15;0;20;171;
2020;5;19;14;15;0;10;172;
2020;5;19;14;15;0;0;173;
2020;5;19;14;15;0;18;174;
2020;5;19;14;15;0;12;175;
2020;5;19;14;15;0;0;176;
2020;5;19;14;15;0;16;177;
2020;5;19;14;15;0;16;178;
2020;5;19;14;15;0;0;179;
2020;5;19;14;15;0;12;180;
2020;5;19;14;15;0;18;181;
2020;5;19;14;15;0;0;182;
2020;5;19;14;15;0;10;183;
2020;5;19;14;15;0;20;184;
2020;5;19;14;15;0;2;185;
2020;5;19;14;15;0;8;186;
2020;5;19;14;15;0;20;187;
2020;5;19;14;15;0;4;188;
2020;5;19;14;15;0;4;189;
2020;5;19;14;15;0;20;190;
2020;5;19;14;15;0;8;191;
2020;5;19;14;15;0;2;192;
2020;5;19;14;15;0;20;193;
2020;5;19;14;15;0;10;194;
2020;5;19;14;15;0;0;195;
2020;5;19;14;15;0;18;196;
2020;5;19;14;15;0;12;197;
2020;5;19;14;15;0;0;198;
2020;5;19;14;15;0;16;199;
2020;5;19;14;15;0;16;200;
2020;5;19;14;15;0;0;201;
2020;5;19;14;15;0;14;202;
2020;5;19;14;15;0;18;203;
2020;5;19;14;15;0;0;204;
2020;5;19;14;15;0;10;205;
2020;5;19;14;15;0;18;206;
2020;5;19;14;15;0;2;207;
2020;5;19;14;15;0;8;208;
2020;5;19;14;15;0;20;209;
2020;5;19;14;15;0;4;210;
2020;5;19;14;15;0;4;211;
2020;5;19;14;15;0;20;212;
2020;5;19;14;15;0;6;213;
2020;5;19;14;15;0;2;214;
2020;5;19;14;15;0;20;215;
2020;5;19;14;15;0;10;216;
2020;5;19;14;15;0;2;217;
2020;5;19;14;15;0;18;218;
2020;5;19;14;15;0;12;219;
2020;5;19;14;15;0;0;220;
2020;5;19;14;15;0;16;221;
2020;5;19;14;15;0;16;222;
2020;5;19;14;15;0;0;223;
2020;5;19;14;15;0;14;224;
2020;5;19;14;15;0;18;225;
2020;5;19;14;15;0;0;226;
2020;5;19;14;15;0;10;227;
2020;5;19;14;15;0;18;228;
2020;5;19;14;15;0;2;229;
2020;5;19;14;15;0;8;230;
2020;5;19;14;15;0;20;231;
2020;5;19;14;15;0;4;232;
2020;5;19;14;15;0;4;233;
2020;5;19;14;15;0;20;234;
2020;5;19;14;15;0;6;235;
2020;5;19;14;15;0;2;236;
2020;5;19;14;15;0;20;237;
2020;5;19;14;15;0;10;238;
2020;5;19;14;15;0;2;239;
2020;5;19;14;15;0;18;240;
2020;5;19;14;15;0;12;241;
2020;5;19;14;15;0;0;242;
2020;5;19;14;15;0;16;243;
2020;5;19;14;15;0;14;244;
2020;5;19;14;15;0;0;245;
2020;5;19;14;15;0;14;246;
2020;5;19;14;15;0;18;247;
2020;5;19;14;15;0;0;248;
2020;5;19;14;15;0;10;249;
2020;5;19;14;15;0;18;250;
2020;5;19;14;15;0;2;251;
2020;5;19;14;15;0;8;252;
2020;5;19;14;15;0;20;253;
2020;5;19;14;15;0;4;254;
2020;5;19;14;15;0;6;255;
2020;5;19;14;15;0;20;256;
2020;5;19;14;15;0;6;257;
2020;5;19;14;15;0;2;258;
2020;5;19;14;15;0;20;259;
2020;5;19;14;15;0;10;260;
2020;5;19;14;15;0;2;261;
2020;5;19;14;15;0;18;262;
2020;5;19;14;15;0;12;263;
2020;5;19;14;15;0;0;264;
2020;5;19;14;15;0;16;265;
2020;5;19;14;15;0;14;266;
2020;5;19;14;15;0;0;267;
2020;5;19;14;15;0;14;268;
2020;5;19;14;15;0;18;269;
2020;5;19;14;15;0;0;270;
2020;5;19;14;15;0;10;271;
2020;5;19;14;15;0;18;272;
2020;5;19;14;15;0;2;273;
2020;5;19;14;15;0;8;274;
2020;5;19;14;15;0;20;275;
2020;5;19;14;15;0;4;276;
2020;5;19;14;15;0;6;277;
2020;5;19;14;15;0;20;278;
2020;5;19;14;15;0;6;279;
2020;5;19;14;15;0;4;280;
2020;5;19;14;15;0;20;281;
2020;5;19;14;15;0;10;282;
2020;5;19;14;15;0;2;283;
2020;5;19;14;15;0;18;284;
2020;5;19;14;15;0;12;285;
2020;5;19;14;15;0;0;286;
2020;5;19;14;15;0;16;287;
2020;5;19;14;15;0;14;288;
2020;5;19;14;15;0;0;289;
2020;5;19;14;15;0;14;290;
2020;5;19;14;15;0;16;291;
2020;5;19;14;15;0;0;292;
2020;5;19;14;15;0;10;293;
2020;5;19;14;15;0;18;294;
2020;5;19;14;15;0;2;295;
2020;5;19;14;15;0;8;296;
2020;5;19;14;15;0;20;297;
2020;5;19;14;15;0;4;298;
2020;5;19;14;15;0;6;299;
2020;5;19;14;15;0;20;300;
2020;5;19;14;15;0;6;301;
2020;5;19;14;15;0;4;302;
2020;5;19;14;15;0;20;303;
2020;5;19;14;15;0;8;304;
2020;5;19;14;15;0;2;305;
2020;5;19;14;15;0;18;306;
2020;5;19;14;15;0;12;307;
2020;5;19;14;15;0;0;308;
2020;5;19;14;15;0;16;309;
2020;5;19;14;15;0;14;310;
2020;5;19;14;15;0;0;311;
2020;5;19;14;15;0;14;312;
2020;5;19;14;15;0;16;313;
2020;5;19;14;15;0;0;314;
2020;5;19;14;15;0;12;315;
2020;5;19;14;15;0;18;316;
2020;5;19;14;15;0;2;317;
2020;5;19;14;15;0;8;318;
2020;5;19;14;15;0;20;319;
2020;5;19;14;15;0;4;320;
2020;5;19;14;15;0;6;321;
2020;5;19;14;15;0;20;322;
2020;5;19;14;15;0;6;323;
2020;5;19;14;15;0;4;324;
2020;5;19;14;15;0;20;325;
2020;5;19;14;15;0;8;326;
2020;5;19;14;15;0;2;327;
2020;5;19;14;15;0;18;328;
2020;5;19;14;15;0;12;329;
2020;5;19;14;15;0;0;330;
2020;5;19;14;15;0;16;331;
2020;5;19;14;15;0;14;332;
2020;5;19;14;15;0;0;333;
2020;5;19;14;15;0;14;334;
2020;5;19;14;15;0;16;335;
2020;5;19;14;15;0;0;336;
2020;5;19;14;15;0;12;337;
2020;5;19;14;15;0;18;338;
2020;5;19;14;15;0;2;339;
2020;5;19;14;15;0;8;340;
2020;5;19;14;15;0;20;341;
2020;5;19;14;15;0;4;342;
2020;5;19;14;15;0;6;343;
2020;5;19;14;15;0;20;344;
2020;5;19;14;15;0;6;345;
2020;5;19;14;15;0;4;346;
2020;5;19;14;15;0;20;347;
2020;5;19;14;15;0;8;348;
2020;5;19;14;15;0;2;349;
2020;5;19;14;15;0;18;350;
2020;5;19;14;15;0;12;351;
2020;5;19;14;15;0;0;352;
2020;5;19;14;15;0;16;353;
2020;5;19;14;15;0;14;354;
2020;5;19;14;15;0;0;355;
2020;5;19;14;15;0;14;356;
2020;5;19;14;15;0;16;357;
2020;5;19;14;15;0;0;358;
2020;5;19;14;15;0;12;359;
2020;5;19;14;15;0;18;360;
2020;5;19;14;15;0;2;361;
2020;5;19;14;15;0;8;362;
2020;5;19;14;15;0;20;363;
2020;5;19;14;15;0;4;364;
2020;5;19;14;15;0;6;365;
2020;5;19;14;15;0;20;366;
2020;5;19;14;15;0;6;367;
2020;5;19;14;15;0;4;368;
2020;5;19;14;15;0;20;369;
2020;5;19;14;15;0;8;370;
2020;5;19;14;15;0;2;371;
2020;5;19;14;15;0;18;372;
2020;5;19;14;15;0;12;373;
2020;5;19;14;15;0;0;374;
2020;5;19;14;15;0;16;375;
2020;5;19;14;15;0;14;376;
2020;5;19;14;15;0;0;377;
2020;5;19;14;15;0;14;378;
2020;5;19;14;15;0;16;379;
2020;5;19;14;15;0;0;380;
2020;5;19;14;15;0;12;381;
2020;5;19;14;15;0;18;382;
2020;5;19;14;15;0;2;383;
2020;5;19;14;15;0;8;384;
2020;5;19;14;15;0;20;385;
2020;5;19;14;15;0;4;386;
2020;5;19;14;15;0;6;387;
2020;5;19;14;15;0;20;388;
2020;5;19;14;15;0;6;389;
2020;5;19;14;15;0;4;390;
2020;5;19;14;15;0;20;391;
2020;5;19;14;15;0;8;392;
2020;5;19;14;15;0;2;393;
2020;5;19;14;15;0;18;394;
2020;5;19;14;15;0;12;395;
2020;5;19;14;15;0;0;396;
2020;5;19;14;15;0;16;397;
2020;5;19;14;15;0;14;398;
2020;5;19;14;15;0;0;399;
2020;5;19;14;15;0;14;400;
2020;5;19;14;15;0;16;401;
2020;5;19;14;15;0;0;402;
2020;5;19;14;15;0;12;403;
2020;5;19;14;15;0;18;404;
2020;5;19;14;15;0;2;405;
2020;5;19;14;15;0;8;406;
2020;5;19;14;15;0;20;407;
2020;5;19;14;15;0;4;408;
2020;5;19;14;15;0;6;409;
2020;5;19;14;15;0;20;410;
2020;5;19;14;15;0;6;411;
2020;5;19;14;15;0;4;412;
2020;5;19;14;15;0;20;413;
2020;5;19;14;15;0;8;414;
2020;5;19;14;15;0;2;415;
2020;5;19;14;15;0;18;416;
2020;5;19;14;15;0;10;417;
2020;5;19;14;15;0;0;418;
2020;5;19;14;15;0;16;419;
2020;5;19;14;15;0;14;420;
2020;5;19;14;15;0;0;421;
2020;5;19;14;15;0;14;422;
2020;5;19;14;15;0;16;423;
2020;5;19;14;15;0;0;424;
2020;5;19;14;15;0;12;425;
2020;5;19;14;15;0;18;426;
2020;5;19;14;15;0;2;427;
2020;5;19;14;15;0;10;428;
2020;5;19;14;15;0;20;429;
2020;5;19;14;15;0;4;430;
2020;5;19;14;15;0;6;431;
2020;5;19;14;15;0;20;432;
2020;5;19;14;15;0;6;433;
2020;5;19;14;15;0;4;434;
2020;5;19;14;15;0;20;435;
2020;5;19;14;15;0;8;436;
2020;5;19;14;15;0;2;437;
2020;5;19;14;15;0;18;438;
2020;5;19;14;15;0;10;439;
2020;5;19;14;15;0;0;440;
2020;5;19;14;15;0;18;441;
2020;5;19;14;15;0;14;442;
2020;5;19;14;15;0;0;443;
2020;5;19;14;15;0;14;444;
2020;5;19;14;15;0;16;445;
2020;5;19;14;15;0;0;446;
2020;5;19;14;15;0;12;447;
2020;5;19;14;15;0;18;448;
2020;5;19;14;15;0;2;449;
2020;5;19;14;15;0;10;450;
2020;5;19;14;15;0;20;451;
2020;5;19;14;15;0;2;452;
2020;5;19;14;15;0;6;453;
2020;5;19;14;15;0;20;454;
2020;5;19;14;15;0;6;455;
2020;5;19;14;15;0;4;456;
2020;5;19;14;15;0;20;457;
2020;5;19;14;15;0;8;458;
2020;5;19;14;15;0;2;459;
2020;5;19;14;15;0;18;460;
2020;5;19;14;15;0;10;461;
2020;5;19;14;15;0;0;462;
2020;5;19;14;15;0;18;463;
2020;5;19;14;15;0;14;464;
2020;5;19;14;15;0;0;465;
2020;5;19;14;15;0;14;466;
2020;5;19;14;15;0;16;467;
2020;5;19;14;15;0;0;468;
2020;5;19;14;15;0;12;469;
2020;5;19;14;15;0;18;470;
2020;5;19;14;15;0;2;471;
2020;5;19;14;15;0;10;472;
2020;5;19;14;15;0;20;473;
2020;5;19;14;15;0;2;474;
2020;5;19;14;15;0;6;475;
2020;5;19;14;15;0;20;476;
2020;5;19;14;15;0;4;477;
2020;5;19;14;15;0;4;478;
2020;5;19;14;15;0;20;479;
2020;5;19;14;15;0;8;480;
2020;5;19;14;15;0;2;481;
2020;5;19;14;15;0;18;482;
2020;5;19;14;15;0;10;483;
2020;5;19;14;15;0;0;484;
2020;5;19;14;15;0;18;485;
2020;5;19;14;15;0;14;486;
2020;5;19;14;15;0;0;487;
2020;5;19;14;15;0;16;488;
2020;5;19;14;15;0;16;489;
2020;5;19;14;15;0;0;490;
2020;5;19;14;15;0;12;491;
2020;5;19;14;15;0;18;492;
2020;5;19;14;15;0;2;493;
2020;5;19;14;15;0;10;494;
2020;5;19;14;15;0;20;495;
2020;5;19;14;15;0;2;496;
2020;5;19;14;15;0;6;497;
2020;5;19;14;15;0;20;498;
2020;5;19;14;15;0;4;499;
2020;5;19;14;15;0;4;500;
2020;5;19;14;15;0;20;501;
2020;5;19;14;15;0;8;502;
2020;5;19;14;15;0;2;503;
2020;5;19;14;15;0;18;504;
2020;5;19;14;15;0;10;505;
2020;5;19;14;15;0;0;506;
2020;5;19;14;15;0;18;507;
2020;5;19;14;15;0;14;508;
2020;5;19;14;15;0;0;509;
2020;5;19;14;15;0;16;510;
2020;5;19;14;15;0;16;511;
2020;5;19;14;15;0;0;512;
2020;5;19;14;15;0;12;513;
2020;5;19;14;15;0;18;514;
2020;5;19;14;15;0;0;515;
2020;5;19;14;15;0;10;516;
2020;5;19;14;15;0;20;517;
2020;5;19;14;15;0;2;518;
2020;5;19;14;15;0;8;519;
2020;5;19;14;15;0;20;520;
2020;5;19;14;15;0;4;521;
2020;5;19;14;15;0;4;522;
2020;5;19;14;15;0;20;523;
2020;5;19;14;15;0;8;524;
2020;5;19;14;15;0;2;525;
2020;5;19;14;15;0;20;526;
2020;5;19;14;15;0;10;527;
2020;5;19;14;15;0;0;528;
2020;5;19;14;15;0;18;529;
2020;5;19;14;15;0;12;530;
2020;5;19;14;15;0;0;531;
2020;5;19;14;15;0;16;532;
2020;5;19;14;15;0;16;533;
2020;5;19;14;15;0;0;534;
2020;5;19;14;15;0;12;535;
2020;5;19;14;15;0;18;536;
2020;5;19;14;15;0;0;537;
2020;5;19;14;15;0;10;538;
2020;5;19;14;15;0;20;539;
2020;5;19;14;15;0;2;540;
2020;5;19;14;15;0;8;541;
2020;5;19;14;15;0;20;542;
2020;5;19;14;15;0;4;543;
2020;5;19;14;15;0;4;544;
2020;5;19;14;15;0;20;545;
2020;5;19;14;15;0;8;546;
2020;5;19;14;15;0;2;547;
2020;5;19;14;15;0;20;548;
2020;5;19;14;15;0;10;549;
2020;5;19;14;15;0;0;550;
2020;5;19;14;15;0;18;551;
2020;5;19;14;15;0;12;552;
2020;5;19;14;15;0;0;553;
2020;5;19;14;15;0;16;554;
2020;5;19;14;15;0;16;555;
2020;5;19;14;15;0;0;556;
2020;5;19;14;15;0;14;557;
2020;5;19;14;15;0;18;558;
2020;5;19;14;15;0;0;559;
2020;5;19;14;15;0;10;560;
2020;5;19;14;15;0;18;561;
2020;5;19;14;15;0;2;562;
2020;5;19;14;15;0;8;563;
2020;5;19;14;15;0;20;564;
2020;5;19;14;15;0;4;565;
2020;5;19;14;15;0;4;566;
2020;5;19;14;15;0;20;567;
2020;5;19;14;15;0;6;568;
2020;5;19;14;15;0;2;569;
2020;5;19;14;15;0;20;570;
2020;5;19;14;15;0;10;571;
2020;5;19;14;15;0;2;572;
2020;5;19;14;15;0;18;573;
2020;5;19;14;15;0;12;574;
2020;5;19;14;15;0;0;575;
2020;5;19;14;15;0;16;576;
2020;5;19;14;15;0;16;577;
2020;5;19;14;15;0;0;578;
2020;5;19;14;15;0;14;579;
2020;5;19;14;15;0;18;580;
2020;5;19;14;15;0;0;581;
2020;5;19;14;15;0;10;582;
2020;5;19;14;15;0;18;583;
2020;5;19;14;15;0;2;584;
2020;5;19;14;15;0;8;585;
2020;5;19;14;15;0;20;586;
2020;5;19;14;15;0;4;587;
2020;5;19;14;15;0;4;588;
2020;5;19;14;15;0;20;589;
2020;5;19;14;15;0;6;590;
2020;5;19;14;15;0;2;591;
2020;5;19;14;15;0;20;592;
2020;5;19;14;15;0;10;593;
2020;5;19;14;15;0;2;594;
2020;5;19;14;15;0;18;595;
2020;5;19;14;15;0;12;596;
2020;5;19;14;15;0;0;597;
2020;5;19;14;15;0;16;598;
2020;5;19;14;15;0;14;599;
2020;5;19;14;15;0;0;600;
2020;5;19;14;15;0;14;601;
2020;5;19;14;15;0;18;602;
2020;5;19;14;15;0;0;603;
2020;5;19;14;15;0;10;604;
2020;5;19;14;15;0;18;605;
2020;5;19;14;15;0;2;606;
2020;5;19;14;15;0;8;607;
2020;5;19;14;15;0;20;608;
2020;5;19;14;15;0;4;609;
2020;5;19;14;15;0;6;610;
2020;5;19;14;15;0;20;611;
2020;5;19;14;15;0;6;612;
2020;5;19;14;15;0;2;613;
2020;5;19;14;15;0;20;614;
2020;5;19;14;15;0;10;615;
2020;5;19;14;15;0;2;616;
2020;5;19;14;15;0;18;617;
2020;5;19;14;15;0;12;618;
2020;5;19;14;15;0;0;619;
2020;5;19;14;15;0;16;620;
2020;5;19;14;15;0;14;621;
2020;5;19;14;15;0;0;622;
2020;5;19;14;15;0;14;623;
2020;5;19;14;15;0;18;624;
2020;5;19;14;15;0;0;625;
2020;5;19;14;15;0;10;626;
2020;5;19;14;15;0;18;627;
2020;5;19;14;15;0;2;628;
2020;5;19;14;15;0;8;629;
2020;5;19;14;15;0;20;630;
2020;5;19;14;15;0;4;631;
2020;5;19;14;15;0;6;632;
2020;5;19;14;15;0;20;633;
2020;5;19;14;15;0;6;634;
2020;5;19;14;15;0;4;635;
2020;5;19;14;15;0;20;636;
2020;5;19;14;15;0;10;637;
2020;5;19;14;15;0;2;638;
2020;5;19;14;15;0;18;639;
2020;5;19;14;15;0;12;640;
2020;5;19;14;15;0;0;641;
2020;5;19;14;15;0;16;642;
2020;5;19;14;15;0;14;643;
2020;5;19;14;15;0;0;644;
2020;5;19;14;15;0;14;645;
2020;5;19;14;15;0;16;646;
2020;5;19;14;15;0;0;647;
2020;5;19;14;15;0;10;648;
2020;5;19;14;15;0;18;649;
2020;5;19;14;15;0;2;650;
2020;5;19;14;15;0;8;651;
2020;5;19;14;15;0;20;652;
2020;5;19;14;15;0;4;653;
2020;5;19;14;15;0;6;654;
2020;5;19;14;15;0;20;655;
2020;5;19;14;15;0;6;656;
2020;5;19;14;15;0;4;657;
2020;5;19;14;15;0;20;658;
2020;5;19;14;15;0;8;659;
2020;5;19;14;15;0;2;660;
2020;5;19;14;15;0;18;661;
2020;5;19;14;15;0;12;662;
2020;5;19;14;15;0;0;663;
2020;5;19;14;15;0;16;664;
2020;5;19;14;15;0;14;665;
2020;5;19;14;15;0;0;666;
2020;5;19;14;15;0;14;667;
2020;5;19;14;15;0;16;668;
2020;5;19;14;15;0;0;669;
2020;5;19;14;15;0;12;670;
2020;5;19;14;15;0;18;671;
2020;5;19;14;15;0;2;672;
2020;5;19;14;15;0;8;673;
2020;5;19;14;15;0;20;674;
2020;5;19;14;15;0;4;675;
2020;5;19;14;15;0;6;676;
2020;5;19;14;15;0;20;677;
2020;5;19;14;15;0;6;678;
2020;5;19;14;15;0;4;679;
2020;5;19;14;15;0;20;680;
2020;5;19;14;15;0;8;681;
2020;5;19;14;15;0;2;682;
2020;5;19;14;15;0;18;683;
2020;5;19;14;15;0;12;684;
2020;5;19;14;15;0;0;685;
2020;5;19;14;15;0;16;686;
2020;5;19;14;15;0;14;687;
2020;5;19;14;15;0;0;688;
2020;5;19;14;15;0;14;689;
2020;5;19;14;15;0;16;690;
2020;5;19;14;15;0;0;691;
2020;5;19;14;15;0;12;692;
2020;5;19;14;15;0;18;693;
2020;5;19;14;15;0;2;694;
2020;5;19;14;15;0;8;695;
2020;5;19;14;15;0;20;696;
2020;5;19;14;15;0;4;697;
2020;5;19;14;15;0;6;698;
2020;5;19;14;15;0;20;699;
2020;5;19;14;15;0;6;700;
2020;5;19;14;15;0;4;701;
2020;5;19;14;15;0;20;702;
2020;5;19;14;15;0;8;703;
2020;5;19;14;15;0;2;704;
2020;5;19;14;15;0;18;705;
2020;5;19;14;15;0;12;706;
2020;5;19;14;15;0;0;707;
2020;5;19;14;15;0;16;708;
2020;5;19;14;15;0;14;709;
2020;5;19;14;15;0;0;710;
2020;5;19;14;15;0;14;711;
2020;5;19;14;15;0;16;712;
2020;5;19;14;15;0;0;713;
2020;5;19;14;15;0;12;714;
2020;5;19;14;15;0;18;715;
2020;5;19;14;15;0;2;716;
2020;5;19;14;15;0;8;717;
2020;5;19;14;15;0;20;718;
2020;5;19;14;15;0;4;719;
2020;5;19;14;15;0;6;720;
2020;5;19;14;15;0;20;721;
2020;5;19;14;15;0;6;722;
2020;5;19;14;15;0;4;723;
2020;5;19;14;15;0;20;724;
2020;5;19;14;15;0;8;725;
2020;5;19;14;15;0;2;726;
2020;5;19;14;15;0;18;727;
2020;5;19;14;15;0;12;728;
2020;5;19;14;15;0;0;729;
2020;5;19;14;15;0;16;730;
2020;5;19;14;15;0;14;731;
2020;5;19;14;15;0;0;732;
2020;5;19;14;15;0;14;733;
2020;5;19;14;15;0;16;734;
2020;5;19;14;15;0;0;735;
2020;5;19;14;15;0;12;736;
2020;5;19;14;15;0;18;737;
2020;5;19;14;15;0;2;738;
2020;5;19;14;15;0;8;739;
2020;5;19;14;15;0;20;740;
2020;5;19;14;15;0;4;741;
2020;5;19;14;15;0;6;742;
2020;5;19;14;15;0;20;743;
2020;5;19;14;15;0;6;744;
2020;5;19;14;15;0;4;745;
2020;5;19;14;15;0;20;746;
2020;5;19;14;15;0;8;747;
2020;5;19;14;15;0;2;748;
2020;5;19;14;15;0;18;749;
2020;5;19;14;15;0;12;750;
2020;5;19;14;15;0;0;751;
2020;5;19;14;15;0;16;752;
2020;5;19;14;15;0;14;753;
2020;5;19;14;15;0;0;754;
2020;5;19;14;15;0;14;755;
2020;5;19;14;15;0;16;756;
2020;5;19;14;15;0;0;757;
2020;5;19;14;15;0;12;758;
2020;5;19;14;15;0;18;759;
2020;5;19;14;15;0;2;760;
2020;5;19;14;15;0;8;761;
2020;5;19;14;15;0;20;762;
2020;5;19;14;15;0;4;763;
2020;5;19;14;15;0;6;764;
2020;5;19;14;15;0;20;765;
2020;5;19;14;15;0;6;766;
2020;5;19;14;15;0;4;767;
2020;5;19;14;15;0;20;768;
2020;5;19;14;15;0;8;769;
2020;5;19;14;15;0;2;770;
2020;5;19;14;15;0;18;771;
2020;5;19;14;15;0;10;772;
2020;5;19;14;15;0;0;773;
2020;5;19;14;15;0;16;774;
2020;5;19;14;15;0;14;775;
2020;5;19;14;15;0;0;776;
2020;5;19;14;15;0;14;777;
2020;5;19;14;15;0;16;778;
2020;5;19;14;15;0;0;779;
2020;5;19;14;15;0;12;780;
2020;5;19;14;15;0;18;781;
2020;5;19;14;15;0;2;782;
2020;5;19;14;15;0;10;783;
2020;5;19;14;15;0;20;784;
2020;5;19;14;15;0;4;785;
2020;5;19;14;15;0;6;786;
2020;5;19;14;15;0;20;787;
2020;5;19;14;15;0;6;788;
2020;5;19;14;15;0;4;789;
2020;5;19;14;15;0;20;790;
2020;5;19;14;15;0;8;791;
2020;5;19;14;15;0;2;792;
2020;5;19;14;15;0;18;793;
2020;5;19;14;15;0;10;794;
2020;5;19;14;15;0;0;795;
2020;5;19;14;15;0;18;796;
2020;5;19;14;15;0;14;797;
2020;5;19;14;15;0;0;798;
2020;5;19;14;15;0;14;799;
2020;5;19;14;15;0;16;800;
2020;5;19;14;15;0;0;801;
2020;5;19;14;15;0;12;802;
2020;5;19;14;15;0;18;803;
2020;5;19;14;15;0;2;804;
2020;5;19;14;15;0;10;805;
2020;5;19;14;15;0;20;806;
2020;5;19;14;15;0;2;807;
2020;5;19;14;15;0;6;808;
2020;5;19;14;15;0;20;809;
2020;5;19;14;15;0;6;810;
2020;5;19;14;15;0;4;811;
2020;5;19;14;15;0;20;812;
2020;5;19;14;15;0;8;813;
2020;5;19;14;15;0;2;814;
2020;5;19;14;15;0;18;815;
2020;5;19;14;15;0;10;816;
2020;5;19;14;15;0;0;817;
2020;5;19;14;15;0;18;818;
2020;5;19;14;15;0;14;819;
2020;5;19;14;15;0;0;820;
2020;5;19;14;15;0;14;821;
2020;5;19;14;15;0;16;822;
2020;5;19;14;15;0;0;823;
2020;5;19;14;15;0;12;824;
2020;5;19;14;15;0;18;825;
2020;5;19;14;15;0;2;826;
2020;5;19;14;15;0;10;827;
2020;5;19;14;15;0;20;828;
2020;5;19;14;15;0;2;829;
2020;5;19;14;15;0;6;830;
2020;5;19;14;15;0;20;831;
2020;5;19;14;15;0;4;832;
2020;5;19;14;15;0;4;833;
2020;5;19;14;15;0;20;834;
2020;5;19;14;15;0;8;835;
2020;5;19;14;15;0;2;836;
2020;5;19;14;15;0;18;837;
2020;5;19;14;15;0;10;838;
2020;5;19;14;15;0;0;839;
2020;5;19;14;15;0;18;840;
2020;5;19;14;15;0;14;841;
2020;5;19;14;15;0;0;842;
2020;5;19;14;15;0;16;843;
2020;5;19;14;15;0;16;844;
2020;5;19;14;15;0;0;845;
2020;5;19;14;15;0;12;846;
2020;5;19;14;15;0;18;847;
2020;5;19;14;15;0;2;848;
2020;5;19;14;15;0;10;849;
2020;5;19;14;15;0;20;850;
2020;5;19;14;15;0;2;851;
2020;5;19;14;15;0;6;852;
2020;5;19;14;15;0;20;853;
2020;5;19;14;15;0;4;854;
2020;5;19;14;15;0;4;855;
2020;5;19;14;15;0;20;856;
2020;5;19;14;15;0;8;857;
2020;5;19;14;15;0;2;858;
2020;5;19;14;15;0;18;859;
2020;5;19;14;15;0;10;860;
2020;5;19;14;15;0;0;861;
2020;5;19;14;15;0;18;862;
2020;5;19;14;15;0;14;863;
2020;5;19;14;15;0;0;864;
2020;5;19;14;15;0;16;865;
2020;5;19;14;15;0;16;866;
2020;5;19;14;15;0;0;867;
2020;5;19;14;15;0;12;868;
2020;5;19;14;15;0;18;869;
2020;5;19;14;15;0;0;870;
2020;5;19;14;15;0;10;871;
2020;5;19;14;15;0;20;872;
2020;5;19;14;15;0;2;873;
2020;5;19;14;15;0;8;874;
2020;5;19;14;15;0;20;875;
2020;5;19;14;15;0;4;876;
2020;5;19;14;15;0;4;877;
2020;5;19;14;15;0;20;878;
2020;5;19;14;15;0;8;879;
2020;5;19;14;15;0;2;880;
2020;5;19;14;15;0;20;881;
2020;5;19;14;15;0;10;882;
2020;5;19;14;15;0;0;883;
2020;5;19;14;15;0;18;884;
2020;5;19;14;15;0;12;885;
2020;5;19;14;15;0;0;886;
2020;5;19;14;15;0;16;887;
2020;5;19;14;15;0;16;888;
2020;5;19;14;15;0;0;889;
2020;5;19;14;15;0;12;890;
2020;5;19;14;15;0;18;891;
2020;5;19;14;15;0;0;892;
2020;5;19;14;15;0;10;893;
2020;5;19;14;15;0;20;894;
2020;5;19;14;15;0;2;895;
2020;5;19;14;15;0;8;896;
2020;5;19;14;15;0;20;897;
2020;5;19;14;15;0;4;898;
2020;5;19;14;15;0;4;899;
2020;5;19;14;15;0;20;900;
2020;5;19;14;15;0;8;901;
2020;5;19;14;15;0;2;902;
2020;5;19;14;15;0;20;903;
2020;5;19;14;15;0;10;904;
2020;5;19;14;15;0;0;905;
2020;5;19;14;15;0;18;906;
2020;5;19;14;15;0;12;907;
2020;5;19;14;15;0;0;908;
2020;5;19;14;15;0;16;909;
2020;5;19;14;15;0;16;910;
2020;5;19;14;15;0;0;911;
2020;5;19;14;15;0;14;912;
2020;5;19;14;15;0;18;913;
2020;5;19;14;15;0;0;914;
2020;5;19;14;15;0;10;915;
2020;5;19;14;15;0;18;916;
2020;5;19;14;15;0;2;917;
2020;5;19;14;15;0;8;918;
2020;5;19;14;15;0;20;919;
2020;5;19;14;15;0;4;920;
2020;5;19;14;15;0;4;921;
2020;5;19;14;15;0;20;922;
2020;5;19;14;15;0;6;923;
2020;5;19;14;15;0;2;924;
2020;5;19;14;15;0;20;925;
2020;5;19;14;15;0;10;926;
2020;5;19;14;15;0;2;927;
2020;5;19;14;15;0;18;928;
2020;5;19;14;15;0;12;929;
2020;5;19;14;15;0;0;930;
2020;5;19;14;15;0;16;931;
2020;5;19;14;15;0;16;932;
2020;5;19;14;15;0;0;933;
2020;5;19;14;15;0;14;934;
2020;5;19;14;15;0;18;935;
2020;5;19;14;15;0;0;936;
2020;5;19;14;15;0;10;937;
2020;5;19;14;15;0;18;938;
2020;5;19;14;15;0;2;939;
2020;5;19;14;15;0;8;940;
2020;5;19;14;15;0;20;941;
2020;5;19;14;15;0;4;942;
2020;5;19;14;15;0;4;943;
2020;5;19;14;15;0;20;944;
2020;5;19;14;15;0;6;945;
2020;5;19;14;15;0;2;946;
2020;5;19;14;15;0;20;947;
2020;5;19;14;15;0;10;948;
2020;5;19;14;15;0;2;949;
2020;5;19;14;15;0;18;950;
2020;5;19;14;15;0;12;951;
2020;5;19;14;15;0;0;952;
2020;5;19;14;15;0;16;953;
2020;5;19;14;15;0;14;954;
2020;5;19;14;15;0;0;955;
2020;5;19;14;15;0;14;956;
2020;5;19;14;15;0;18;957;
2020;5;19;14;15;0;0;958;
2020;5;19;14;15;0;10;959;
2020;5;19;14;15;0;18;960;
2020;5;19;14;15;0;2;961;
2020;5;19;14;15;0;8;962;
2020;5;19;14;15;0;20;963;
2020;5;19;14;15;0;4;964;
2020;5;19;14;15;0;6;965;
2020;5;19;14;15;0;20;966;
2020;5;19;14;15;0;6;967;
2020;5;19;14;15;0;2;968;
2020;5;19;14;15;0;20;969;
2020;5;19;14;15;0;10;970;
2020;5;19;14;15;0;2;971;
2020;5;19;14;15;0;18;972;
2020;5;19;14;15;0;12;973;
2020;5;19;14;15;0;0;974;
2020;5;19;14;15;0;16;975;
2020;5;19;14;15;0;14;976;
2020;5;19;14;15;0;0;977;
2020;5;19;14;15;0;14;978;
2020;5;19;14;15;0;18;979;
2020;5;19;14;15;0;0;980;
2020;5;19;14;15;0;10;981;
2020;5;19;14;15;0;18;982;
2020;5;19;14;15;0;2;983;
2020;5;19;14;15;0;8;984;
2020;5;19;14;15;0;20;985;
2020;5;19;14;15;0;4;986;
2020;5;19;14;15;0;6;987;
2020;5;19;14;15;0;20;988;
2020;5;19;14;15;0;6;989;
2020;5;19;14;15;0;4;990;
2020;5;19;14;15;0;20;991;
2020;5;19;14;15;0;10;992;
2020;5;19;14;15;0;2;993;
2020;5;19;14;15;0;18;994;
2020;5;19;14;15;0;12;995;
2020;5;19;14;15;0;0;996;
2020;5;19;14;15;0;16;997;
2020;5;19;14;15;0;14;998;
2020;5;19;14;15;0;0;999;
2020;5;19;14;15;0;14;1000;
2020;5;19;14;15;0;16;1001;
2020;5;19;14;15;0;0;1002;
2020;5;19;14;15;0;10;1003;
2020;5;19;14;15;0;18;1004;
2020;5;19;14;15;0;2;1005;
2020;5;19;14;15;0;8;1006;
2020;5;19;14;15;0;20;1007;
2020;5;19;14;15;0;4;1008;
2020;5;19;14;15;0;6;1009;
2020;5;19;14;15;0;20;1010;
2020;5;19;14;15;0;6;1011;
2020;5;19;14;15;0;4;1012;
2020;5;19;14;15;0;20;1013;
2020;5;19;14;15;0;8;1014;
2020;5;19;14;15;0;2;1015;
2020;5;19;14;15;0;18;1016;
2020;5;19;14;15;0;12;1017;
2020;5;19;14;15;0;0;1018;
2020;5;19;14;15;0;16;1019;
2020;5;19;14;15;0;14;1020;
2020;5;19;14;15;0;0;1021;
2020;5;19;14;15;0;14;1022;
2020;5;19;14;15;0;16;1023;
2020;5;19;14;15;0;0;1024;
2020;5;19;14;15;0;12;1025;
2020;5;19;14;15;0;18;1026;
2020;5;19;14;15;0;2;1027;
2020;5;19;14;15;0;8;1028;
2020;5;19;14;15;0;20;1029;
2020;5;19;14;15;0;4;1030;
2020;5;19;14;15;0;6;1031;
2020;5;19;14;15;0;20;1032;
2020;5;19;14;15;0;6;1033;
2020;5;19;14;15;0;4;1034;
2020;5;19;14;15;0;20;1035;
2020;5;19;14;15;0;8;1036;
2020;5;19;14;15;0;2;1037;
2020;5;19;14;15;0;18;1038;
2020;5;19;14;15;0;12;1039;
2020;5;19;14;15;0;0;1040;
2020;5;19;14;15;0;16;1041;
2020;5;19;14;15;0;14;1042;
2020;5;19;14;15;0;0;1043;
2020;5;19;14;15;0;14;1044;
2020;5;19;14;15;0;16;1045;
2020;5;19;14;15;0;0;1046;
2020;5;19;14;15;0;12;1047;
2020;5;19;14;15;0;18;1048;
2020;5;19;14;15;0;2;1049;
2020;5;19;14;15;0;8;1050;
2020;5;19;14;15;0;20;1051;
2020;5;19;14;15;0;4;1052;
2020;5;19;14;15;0;6;1053;
2020;5;19;14;15;0;20;1054;
2020;5;19;14;15;0;6;1055;
2020;5;19;14;15;0;4;1056;
2020;5;19;14;15;0;20;1057;
2020;5;19;14;15;0;8;1058;
2020;5;19;14;15;0;2;1059;
2020;5;19;14;15;0;18;1060;
2020;5;19;14;15;0;12;1061;
2020;5;19;14;15;0;0;1062;
2020;5;19;14;15;0;16;1063;
2020;5;19;14;15;0;14;1064;
2020;5;19;14;15;0;0;1065;
2020;5;19;14;15;0;14;1066;
2020;5;19;14;15;0;16;1067;
2020;5;19;14;15;0;0;1068;
2020;5;19;14;15;0;12;1069;
2020;5;19;14;15;0;18;1070;
2020;5;19;14;15;0;2;1071;
2020;5;19;14;15;0;8;1072;
2020;5;19;14;15;0;20;1073;
2020;5;19;14;15;0;4;1074;
2020;5;19;14;15;0;6;1075;
2020;5;19;14;15;0;20;1076;
2020;5;19;14;15;0;6;1077;
2020;5;19;14;15;0;4;1078;
2020;5;19;14;15;0;20;1079;
2020;5;19;14;15;0;8;1080;
2020;5;19;14;15;0;2;1081;
2020;5;19;14;15;0;18;1082;
2020;5;19;14;15;0;12;1083;
2020;5;19;14;15;0;0;1084;
2020;5;19;14;15;0;16;1085;
2020;5;19;14;15;0;14;1086;
2020;5;19;14;15;0;0;1087;
2020;5;19;14;15;0;14;1088;
2020;5;19;14;15;0;16;1089;
2020;5;19;14;15;0;0;1090;
2020;5;19;14;15;0;12;1091;
2020;5;19;14;15;0;18;1092;
2020;5;19;14;15;0;2;1093;
2020;5;19;14;15;0;8;1094;
2020;5;19;14;15;0;20;1095;
2020;5;19;14;15;0;4;1096;
2020;5;19;14;15;0;6;1097;
2020;5;19;14;15;0;20;1098;
2020;5;19;14;15;0;6;1099;
2020;5;19;14;15;0;4;1100;
2020;5;19;14;15;0;20;1101;
2020;5;19;14;15;0;8;1102;
2020;5;19;14;15;0;2;1103;
2020;5;19;14;15;0;18;1104;
2020;5;19;14;15;0;12;1105;
2020;5;19;14;15;0;0;1106;
2020;5;19;14;15;0;16;1107;
2020;5;19;14;15;0;14;1108;
2020;5;19;14;15;0;0;1109;
2020;5;19;14;15;0;14;1110;
2020;5;19;14;15;0;16;1111;
2020;5;19;14;15;0;0;1112;
2020;5;19;14;15;0;12;1113;
2020;5;19;14;15;0;18;1114;
2020;5;19;14;15;0;2;1115;
2020;5;19;14;15;0;8;1116;
2020;5;19;14;15;0;20;1117;
2020;5;19;14;15;0;4;1118;
2020;5;19;14;15;0;6;1119;
2020;5;19;14;15;0;20;1120;
2020;5;19;14;15;0;6;1121;
2020;5;19;14;15;0;4;1122;
2020;5;19;14;15;0;20;1123;
2020;5;19;14;15;0;8;1124;
2020;5;19;14;15;0;2;1125;
2020;5;19;14;15;0;18;1126;
2020;5;19;14;15;0;10;1127;
2020;5;19;14;15;0;0;1128;
2020;5;19;14;15;0;16;1129;
2020;5;19;14;15;0;14;1130;
2020;5;19;14;15;0;0;1131;
2020;5;19;14;15;0;14;1132;
2020;5;19;14;15;0;16;1133;
2020;5;19;14;15;0;0;1134;
2020;5;19;14;15;0;12;1135;
2020;5;19;14;15;0;18;1136;
2020;5;19;14;15;0;2;1137;
2020;5;19;14;15;0;10;1138;
2020;5;19;14;15;0;20;1139;
2020;5;19;14;15;0;4;1140;
2020;5;19;14;15;0;6;1141;
2020;5;19;14;15;0;20;1142;
2020;5;19;14;15;0;6;1143;
2020;5;19;14;15;0;4;1144;
2020;5;19;14;15;0;20;1145;
2020;5;19;14;15;0;8;1146;
2020;5;19;14;15;0;2;1147;
2020;5;19;14;15;0;18;1148;
2020;5;19;14;15;0;10;1149;
2020;5;19;14;15;0;0;1150;
2020;5;19;14;15;0;18;1151;
2020;5;19;14;15;0;14;1152;
2020;5;19;14;15;0;0;1153;
2020;5;19;14;15;0;14;1154;
2020;5;19;14;15;0;16;1155;
2020;5;19;14;15;0;0;1156;
2020;5;19;14;15;0;12;1157;
2020;5;19;14;15;0;18;1158;
2020;5;19;14;15;0;2;1159;
2020;5;19;14;15;0;10;1160;
2020;5;19;14;15;0;20;1161;
2020;5;19;14;15;0;2;1162;
2020;5;19;14;15;0;6;1163;
2020;5;19;14;15;0;20;1164;
2020;5;19;14;15;0;6;1165;
2020;5;19;14;15;0;4;1166;
2020;5;19;14;15;0;20;1167;
2020;5;19;14;15;0;8;1168;
2020;5;19;14;15;0;2;1169;
2020;5;19;14;15;0;18;1170;
2020;5;19;14;15;0;10;1171;
2020;5;19;14;15;0;0;1172;
2020;5;19;14;15;0;18;1173;
2020;5;19;14;15;0;14;1174;
2020;5;19;14;15;0;0;1175;
2020;5;19;14;15;0;14;1176;
2020;5;19;14;15;0;16;1177;
2020;5;19;14;15;0;0;1178;
2020;5;19;14;15;0;12;1179;
2020;5;19;14;15;0;18;1180;
2020;5;19;14;15;0;2;1181;
2020;5;19;14;15;0;10;1182;
2020;5;19;14;15;0;20;1183;
2020;5;19;14;15;0;2;1184;
2020;5;19;14;15;0;6;1185;
2020;5;19;14;15;0;20;1186;
2020;5;19;14;15;0;4;1187;
2020;5;19;14;15;0;4;1188;
2020;5;19;14;15;0;20;1189;
2020;5;19;14;15;0;8;1190;
2020;5;19;14;15;0;2;1191;
2020;5;19;14;15;0;18;1192;
2020;5;19;14;15;0;10;1193;
2020;5;19;14;15;0;0;1194;
2020;5;19;14;15;0;18;1195;
2020;5;19;14;15;0;14;1196;
2020;5;19;14;15;0;0;1197;
2020;5;19;14;15;0;16;1198;
2020;5;19;14;15;0;16;1199;
2020;5;19;14;15;0;0;1200;
2020;5;19;14;15;0;12;1201;
2020;5;19;14;15;0;18;1202;
2020;5;19;14;15;0;2;1203;
2020;5;19;14;15;0;10;1204;
2020;5;19;14;15;0;20;1205;
2020;5;19;14;15;0;2;1206;
2020;5;19;14;15;0;6;1207;
2020;5;19;14;15;0;20;1208;
2020;5;19;14;15;0;4;1209;
2020;5;19;14;15;0;4;1210;
2020;5;19;14;15;0;20;1211;
2020;5;19;14;15;0;8;1212;
2020;5;19;14;15;0;2;1213;
2020;5;19;14;15;0;18;1214;
2020;5;19;14;15;0;10;1215;
2020;5;19;14;15;0;0;1216;
2020;5;19;14;15;0;18;1217;
2020;5;19;14;15;0;14;1218;
2020;5;19;14;15;0;0;1219;
2020;5;19;14;15;0;16;1220;
2020;5;19;14;15;0;16;1221;
2020;5;19;14;15;0;0;1222;
2020;5;19;14;15;0;12;1223;
2020;5;19;14;15;0;18;1224;
2020;5;19;14;15;0;0;1225;
2020;5;19;14;15;0;10;1226;
2020;5;19;14;15;0;20;1227;
2020;5;19;14;15;0;2;1228;
2020;5;19;14;15;0;8;1229;
2020;5;19;14;15;0;20;1230;
2020;5;19;14;15;0;4;1231;
2020;5;19;14;15;0;4;1232;
2020;5;19;14;15;0;20;1233;
2020;5;19;14;15;0;8;1234;
2020;5;19;14;15;0;2;1235;
2020;5;19;14;15;0;20;1236;
2020;5;19;14;15;0;10;1237;
2020;5;19;14;15;0;0;1238;
2020;5;19;14;15;0;18;1239;
2020;5;19;14;15;0;12;1240;
2020;5;19;14;15;0;0;1241;
2020;5;19;14;15;0;16;1242;
2020;5;19;14;15;0;16;1243;
2020;5;19;14;15;0;0;1244;
2020;5;19;14;15;0;12;1245;
2020;5;19;14;15;0;18;1246;
2020;5;19;14;15;0;0;1247;
2020;5;19;14;15;0;10;1248;
2020;5;19;14;15;0;20;1249;
2020;5;19;14;15;0;2;1250;
2020;5;19;14;15;0;8;1251;
2020;5;19;14;15;0;20;1252;
2020;5;19;14;15;0;4;1253;
2020;5;19;14;15;0;4;1254;
2020;5;19;14;15;0;20;1255;
2020;5;19;14;15;0;8;1256;
2020;5;19;14;15;0;2;1257;
2020;5;19;14;15;0;20;1258;
2020;5;19;14;15;0;10;1259;
2020;5;19;14;15;0;0;1260;
2020;5;19;14;15;0;18;1261;
2020;5;19;14;15;0;12;1262;
2020;5;19;14;15;0;0;1263;
2020;5;19;14;15;0;16;1264;
2020;5;19;14;15;0;16;1265;
2020;5;19;14;15;0;0;1266;
2020;5;19;14;15;0;14;1267;
2020;5;19;14;15;0;18;1268;
2020;5;19;14;15;0;0;1269;
2020;5;19;14;15;0;10;1270;
2020;5;19;14;15;0;18;1271;
2020;5;19;14;15;0;2;1272;
2020;5;19;14;15;0;8;1273;
2020;5;19;14;15;0;20;1274;
2020;5;19;14;15;0;4;1275;
2020;5;19;14;15;0;4;1276;
2020;5;19;14;15;0;20;1277;
2020;5;19;14;15;0;6;1278;
2020;5;19;14;15;0;2;1279;
2020;5;19;14;15;0;20;1280;
2020;5;19;14;15;0;10;1281;
2020;5;19;14;15;0;2;1282;
2020;5;19;14;15;0;18;1283;
2020;5;19;14;15;0;12;1284;
2020;5;19;14;15;0;0;1285;
2020;5;19;14;15;0;16;1286;
2020;5;19;14;15;0;16;1287;
2020;5;19;14;15;0;0;1288;
2020;5;19;14;15;0;14;1289;
2020;5;19;14;15;0;18;1290;
2020;5;19;14;15;0;0;1291;
2020;5;19;14;15;0;10;1292;
2020;5;19;14;15;0;18;1293;
2020;5;19;14;15;0;2;1294;
2020;5;19;14;15;0;8;1295;
2020;5;19;14;15;0;20;1296;
2020;5;19;14;15;0;4;1297;
2020;5;19;14;15;0;4;1298;
2020;5;19;14;15;0;20;1299;
2020;5;19;14;15;0;6;1300;
2020;5;19;14;15;0;2;1301;
2020;5;19;14;15;0;20;1302;
2020;5;19;14;15;0;10;1303;
2020;5;19;14;15;0;2;1304;
2020;5;19;14;15;0;18;1305;
2020;5;19;14;15;0;12;1306;
2020;5;19;14;15;0;0;1307;
2020;5;19;14;15;0;16;1308;
2020;5;19;14;15;0;14;1309;
2020;5;19;14;15;0;0;1310;
2020;5;19;14;15;0;14;1311;
2020;5;19;14;15;0;18;1312;
2020;5;19;14;15;0;0;1313;
2020;5;19;14;15;0;10;1314;
2020;5;19;14;15;0;18;1315;
2020;5;19;14;15;0;2;1316;
2020;5;19;14;15;0;8;1317;
2020;5;19;14;15;0;20;1318;
2020;5;19;14;15;0;4;1319;
2020;5;19;14;15;0;6;1320;
2020;5;19;14;15;0;20;1321;
2020;5;19;14;15;0;6;1322;
2020;5;19;14;15;0;2;1323;
2020;5;19;14;15;0;20;1324;
2020;5;19;14;15;0;10;1325;
2020;5;19;14;15;0;2;1326;
2020;5;19;14;15;0;18;1327;
2020;5;19;14;15;0;12;1328;
2020;5;19;14;15;0;0;1329;
2020;5;19;14;15;0;16;1330;
2020;5;19;14;15;0;14;1331;
2020;5;19;14;15;0;0;1332;
2020;5;19;14;15;0;14;1333;
2020;5;19;14;15;0;18;1334;
2020;5;19;14;15;0;0;1335;
2020;5;19;14;15;0;10;1336;
2020;5;19;14;15;0;18;1337;
2020;5;19;14;15;0;2;1338;
2020;5;19;14;15;0;8;1339;
2020;5;19;14;15;0;20;1340;
2020;5;19;14;15;0;4;1341;
2020;5;19;14;15;0;6;1342;
2020;5;19;14;15;0;20;1343;
2020;5;19;14;15;0;6;1344;
2020;5;19;14;15;0;4;1345;
2020;5;19;14;15;0;20;1346;
2020;5;19;14;15;0;10;1347;
2020;5;19;14;15;0;2;1348;
2020;5;19;14;15;0;18;1349;
2020;5;19;14;15;0;12;1350;
2020;5;19;14;15;0;0;1351;
2020;5;19;14;15;0;16;1352;
2020;5;19;14;15;0;14;1353;
2020;5;19;14;15;0;0;1354;
2020;5;19;14;15;0;14;1355;
2020;5;19;14;15;0;16;1356;
2020;5;19;14;15;0;0;1357;
2020;5;19;14;15;0;10;1358;
2020;5;19;14;15;0;18;1359;
2020;5;19;14;15;0;2;1360;
2020;5;19;14;15;0;8;1361;
2020;5;19;14;15;0;20;1362;
2020;5;19;14;15;0;4;1363;
2020;5;19;14;15;0;6;1364;
2020;5;19;14;15;0;20;1365;
2020;5;19;14;15;0;6;1366;
2020;5;19;14;15;0;4;1367;
2020;5;19;14;15;0;20;1368;
2020;5;19;14;15;0;8;1369;
2020;5;19;14;15;0;2;1370;
2020;5;19;14;15;0;18;1371;
2020;5;19;14;15;0;12;1372;
2020;5;19;14;15;0;0;1373;
2020;5;19;14;15;0;16;1374;
2020;5;19;14;15;0;14;1375;
2020;5;19;14;15;0;0;1376;
2020;5;19;14;15;0;14;1377;
2020;5;19;14;15;0;16;1378;
2020;5;19;14;15;0;0;1379;
2020;5;19;14;15;0;12;1380;
2020;5;19;14;15;0;18;1381;
2020;5;19;14;15;0;2;1382;
2020;5;19;14;15;0;8;1383;
2020;5;19;14;15;0;20;1384;
2020;5;19;14;15;0;4;1385;
2020;5;19;14;15;0;6;1386;
2020;5;19;14;15;0;20;1387;
2020;5;19;14;15;0;6;1388;
2020;5;19;14;15;0;4;1389;
2020;5;19;14;15;0;20;1390;
2020;5;19;14;15;0;8;1391;
2020;5;19;14;15;0;2;1392;
2020;5;19;14;15;0;18;1393;
2020;5;19;14;15;0;12;1394;
2020;5;19;14;15;0;0;1395;
2020;5;19;14;15;0;16;1396;
2020;5;19;14;15;0;14;1397;
2020;5;19;14;15;0;0;1398;
2020;5;19;14;15;0;14;1399;
2020;5;19;14;15;0;16;1400;
2020;5;19;14;15;0;0;1401;
2020;5;19;14;15;0;12;1402;
2020;5;19;14;15;0;18;1403;
2020;5;19;14;15;0;2;1404;
2020;5;19;14;15;0;8;1405;
2020;5;19;14;15;0;20;1406;
2020;5;19;14;15;0;4;1407;
2020;5;19;14;15;0;6;1408;
2020;5;19;14;15;0;20;1409;
2020;5;19;14;15;0;6;1410;
2020;5;19;14;15;0;4;1411;
2020;5;19;14;15;0;20;1412;
2020;5;19;14;15;0;8;1413;
2020;5;19;14;15;0;2;1414;
2020;5;19;14;15;0;18;1415;
2020;5;19;14;15;0;12;1416;
2020;5;19;14;15;0;0;1417;
2020;5;19;14;15;0;16;1418;
2020;5;19;14;15;0;14;1419;
2020;5;19;14;15;0;0;1420;
2020;5;19;14;15;0;14;1421;
2020;5;19;14;15;0;16;1422;
2020;5;19;14;15;0;0;1423;
2020;5;19;14;15;0;12;1424;
2020;5;19;14;15;0;18;1425;
2020;5;19;14;15;0;2;1426;
2020;5;19;14;15;0;8;1427;
2020;5;19;14;15;0;20;1428;
2020;5;19;14;15;0;4;1429;
2020;5;19;14;15;0;6;1430;
2020;5;19;14;15;0;20;1431;
2020;5;19;14;15;0;6;1432;
2020;5;19;14;15;0;4;1433;
2020;5;19;14;15;0;20;1434;
2020;5;19;14;15;0;8;1435;
2020;5;19;14;15;0;2;1436;
2020;5;19;14;15;0;18;1437;
2020;5;19;14;15;0;12;1438;
2020;5;19;14;15;0;0;1439;
2020;5;19;14;15;0;16;1440;
2020;5;19;14;15;0;14;1441;
2020;5;19;14;15;0;0;1442;
2020;5;19;14;15;0;14;1443;
2020;5;19;14;15;0;16;1444;
2020;5;19;14;15;0;0;1445;
2020;5;19;14;15;0;12;1446;
2020;5;19;14;15;0;18;1447;
2020;5;19;14;15;0;2;1448;
2020;5;19;14;15;0;8;1449;
2020;5;19;14;15;0;20;1450;
2020;5;19;14;15;0;4;1451;
2020;5;19;14;15;0;6;1452;
2020;5;19;14;15;0;20;1453;
2020;5;19;14;15;0;6;1454;
2020;5;19;14;15;0;4;1455;
2020;5;19;14;15;0;20;1456;
2020;5;19;14;15;0;8;1457;
2020;5;19;14;15;0;2;1458;
2020;5;19;14;15;0;18;1459;
2020;5;19;14;15;0;12;1460;
2020;5;19;14;15;0;0;1461;
2020;5;19;14;15;0;16;1462;
2020;5;19;14;15;0;14;1463;
2020;5;19;14;15;0;0;1464;
2020;5;19;14;15;0;14;1465;
2020;5;19;14;15;0;16;1466;
2020;5;19;14;15;0;0;1467;
2020;5;19;14;15;0;12;1468;
2020;5;19;14;15;0;18;1469;
2020;5;19;14;15;0;2;1470;
2020;5;19;14;15;0;8;1471;
2020;5;19;14;15;0;20;1472;
2020;5;19;14;15;0;4;1473;
2020;5;19;14;15;0;6;1474;
2020;5;19;14;15;0;20;1475;
2020;5;19;14;15;0;6;1476;
2020;5;19;14;15;0;4;1477;
2020;5;19;14;15;0;20;1478;
2020;5;19;14;15;0;8;1479;
2020;5;19;14;15;0;2;1480;
2020;5;19;14;15;0;18;1481;
2020;5;19;14;15;0;10;1482;
2020;5;19;14;15;0;0;1483;
2020;5;19;14;15;0;16;1484;
2020;5;19;14;15;0;14;1485;
2020;5;19;14;15;0;0;1486;
2020;5;19;14;15;0;14;1487;
2020;5;19;14;15;0;16;1488;
2020;5;19;14;15;0;0;1489;
2020;5;19;14;15;0;12;1490;
2020;5;19;14;15;0;18;1491;
2020;5;19;14;15;0;2;1492;
2020;5;19;14;15;0;10;1493;
2020;5;19;14;15;0;20;1494;
2020;5;19;14;15;0;4;1495;
2020;5;19;14;15;0;6;1496;
2020;5;19;14;15;0;20;1497;
2020;5;19;14;15;0;6;1498;
2020;5;19;14;15;0;4;1499;
2020;5;19;14;15;0;20;1500;
2020;5;19;14;15;0;8;1501;
2020;5;19;14;15;0;2;1502;
2020;5;19;14;15;0;18;1503;
2020;5;19;14;15;0;10;1504;
2020;5;19;14;15;0;0;1505;
2020;5;19;14;15;0;18;1506;
2020;5;19;14;15;0;14;1507;
2020;5;19;14;15;0;0;1508;
2020;5;19;14;15;0;14;1509;
2020;5;19;14;15;0;16;1510;
2020;5;19;14;15;0;0;1511;
2020;5;19;14;15;0;12;1512;
2020;5;19;14;15;0;18;1513;
2020;5;19;14;15;0;2;1514;
2020;5;19;14;15;0;10;1515;
2020;5;19;14;15;0;20;1516;
2020;5;19;14;15;0;2;1517;
2020;5;19;14;15;0;6;1518;
2020;5;19;14;15;0;20;1519;
2020;5;19;14;15;0;6;1520;
2020;5;19;14;15;0;4;1521;
2020;5;19;14;15;0;20;1522;
2020;5;19;14;15;0;8;1523;
2020;5;19;14;15;0;2;1524;
2020;5;19;14;15;0;18;1525;
2020;5;19;14;15;0;10;1526;
2020;5;19;14;15;0;0;1527;
2020;5;19;14;15;0;18;1528;
2020;5;19;14;15;0;14;1529;
2020;5;19;14;15;0;0;1530;
2020;5;19;14;15;0;14;1531;
2020;5;19;14;15;0;16;1532;
2020;5;19;14;15;0;0;1533;
2020;5;19;14;15;0;12;1534;
2020;5;19;14;15;0;18;1535;
2020;5;19;14;15;0;2;1536;
2020;5;19;14;15;0;10;1537;
2020;5;19;14;15;0;20;1538;
2020;5;19;14;15;0;2;1539;
2020;5;19;14;15;0;6;1540;
2020;5;19;14;15;0;20;1541;
2020;5;19;14;15;0;4;1542;
2020;5;19;14;15;0;4;1543;
2020;5;19;14;15;0;20;1544;
2020;5;19;14;15;0;8;1545;
2020;5;19;14;15;0;2;1546;
2020;5;19;14;15;0;18;1547;
2020;5;19;14;15;0;10;1548;
2020;5;19;14;15;0;0;1549;
2020;5;19;14;15;0;18;1550;
2020;5;19;14;15;0;14;1551;
2020;5;19;14;15;0;0;1552;
2020;5;19;14;15;0;16;1553;
2020;5;19;14;15;0;16;1554;
2020;5;19;14;15;0;0;1555;
2020;5;19;14;15;0;12;1556;
2020;5;19;14;15;0;18;1557;
2020;5;19;14;15;0;2;1558;
2020;5;19;14;15;0;10;1559;
2020;5;19;14;15;0;20;1560;
2020;5;19;14;15;0;2;1561;
2020;5;19;14;15;0;6;1562;
2020;5;19;14;15;0;20;1563;
2020;5;19;14;15;0;4;1564;
2020;5;19;14;15;0;4;1565;
2020;5;19;14;15;0;20;1566;
2020;5;19;14;15;0;8;1567;
2020;5;19;14;15;0;2;1568;
2020;5;19;14;15;0;18;1569;
2020;5;19;14;15;0;10;1570;
2020;5;19;14;15;0;0;1571;
2020;5;19;14;15;0;18;1572;
2020;5;19;14;15;0;14;1573;
2020;5;19;14;15;0;0;1574;
2020;5;19;14;15;0;16;1575;
2020;5;19;14;15;0;16;1576;
2020;5;19;14;15;0;0;1577;
2020;5;19;14;15;0;12;1578;
2020;5;19;14;15;0;18;1579;
2020;5;19;14;15;0;0;1580;
2020;5;19;14;15;0;10;1581;
2020;5;19;14;15;0;20;1582;
2020;5;19;14;15;0;2;1583;
2020;5;19;14;15;0;8;1584;
2020;5;19;14;15;0;20;1585;
2020;5;19;14;15;0;4;1586;
2020;5;19;14;15;0;4;1587;
2020;5;19;14;15;0;20;1588;
2020;5;19;14;15;0;8;1589;
2020;5;19;14;15;0;2;1590;
2020;5;19;14;15;0;20;1591;
2020;5;19;14;15;0;10;1592;
2020;5;19;14;15;0;0;1593;
2020;5;19;14;15;0;18;1594;
2020;5;19;14;15;0;12;1595;
2020;5;19;14;15;0;0;1596;
2020;5;19;14;15;0;16;1597;
2020;5;19;14;15;0;16;1598;
2020;5;19;14;15;0;0;1599;
2020;5;19;14;15;0;12;1600;
2020;5;19;14;15;0;18;1601;
2020;5;19;14;15;0;0;1602;
2020;5;19;14;15;0;10;1603;
2020;5;19;14;15;0;20;1604;
2020;5;19;14;15;0;2;1605;
2020;5;19;14;15;0;8;1606;
2020;5;19;14;15;0;20;1607;
2020;5;19;14;15;0;4;1608;
2020;5;19;14;15;0;4;1609;
2020;5;19;14;15;0;20;1610;
2020;5;19;14;15;0;8;1611;
2020;5;19;14;15;0;2;1612;
2020;5;19;14;15;0;20;1613;
2020;5;19;14;15;0;10;1614;
2020;5;19;14;15;0;0;1615;
2020;5;19;14;15;0;18;1616;
2020;5;19;14;15;0;12;1617;
2020;5;19;14;15;0;0;1618;
2020;5;19;14;15;0;16;1619;
2020;5;19;14;15;0;16;1620;
2020;5;19;14;15;0;0;1621;
2020;5;19;14;15;0;14;1622;
2020;5;19;14;15;0;18;1623;
2020;5;19;14;15;0;0;1624;
2020;5;19;14;15;0;10;1625;
2020;5;19;14;15;0;18;1626;
2020;5;19;14;15;0;2;1627;
2020;5;19;14;15;0;8;1628;
2020;5;19;14;15;0;20;1629;
2020;5;19;14;15;0;4;1630;
2020;5;19;14;15;0;4;1631;
2020;5;19;14;15;0;20;1632;
2020;5;19;14;15;0;6;1633;
2020;5;19;14;15;0;2;1634;
2020;5;19;14;15;0;20;1635;
2020;5;19;14;15;0;10;1636;
2020;5;19;14;15;0;2;1637;
2020;5;19;14;15;0;18;1638;
2020;5;19;14;15;0;12;1639;
2020;5;19;14;15;0;0;1640;
2020;5;19;14;15;0;16;1641;
2020;5;19;14;15;0;16;1642;
2020;5;19;14;15;0;0;1643;
2020;5;19;14;15;0;14;1644;
2020;5;19;14;15;0;18;1645;
2020;5;19;14;15;0;0;1646;
2020;5;19;14;15;0;10;1647;
2020;5;19;14;15;0;18;1648;
2020;5;19;14;15;0;2;1649;
2020;5;19;14;15;0;8;1650;
2020;5;19;14;15;0;20;1651;
2020;5;19;14;15;0;4;1652;
2020;5;19;14;15;0;4;1653;
2020;5;19;14;15;0;20;1654;
2020;5;19;14;15;0;6;1655;
2020;5;19;14;15;0;2;1656;
2020;5;19;14;15;0;20;1657;
2020;5;19;14;15;0;10;1658;
2020;5;19;14;15;0;2;1659;
2020;5;19;14;15;0;18;1660;
2020;5;19;14;15;0;12;1661;
2020;5;19;14;15;0;0;1662;
2020;5;19;14;15;0;16;1663;
2020;5;19;14;15;0;14;1664;
2020;5;19;14;15;0;0;1665;
2020;5;19;14;15;0;14;1666;
2020;5;19;14;15;0;18;1667;
2020;5;19;14;15;0;0;1668;
2020;5;19;14;15;0;10;1669;
2020;5;19;14;15;0;18;1670;
2020;5;19;14;15;0;2;1671;
2020;5;19;14;15;0;8;1672;
2020;5;19;14;15;0;20;1673;
2020;5;19;14;15;0;4;1674;
2020;5;19;14;15;0;6;1675;
2020;5;19;14;15;0;20;1676;
2020;5;19;14;15;0;6;1677;
2020;5;19;14;15;0;2;1678;
2020;5;19;14;15;0;20;1679;
2020;5;19;14;15;0;10;1680;
2020;5;19;14;15;0;2;1681;
2020;5;19;14;15;0;18;1682;
2020;5;19;14;15;0;12;1683;
2020;5;19;14;15;0;0;1684;
2020;5;19;14;15;0;16;1685;
2020;5;19;14;15;0;14;1686;
2020;5;19;14;15;0;0;1687;
2020;5;19;14;15;0;14;1688;
2020;5;19;14;15;0;18;1689;
2020;5;19;14;15;0;0;1690;
2020;5;19;14;15;0;10;1691;
2020;5;19;14;15;0;18;1692;
2020;5;19;14;15;0;2;1693;
2020;5;19;14;15;0;8;1694;
2020;5;19;14;15;0;20;1695;
2020;5;19;14;15;0;4;1696;
2020;5;19;14;15;0;6;1697;
2020;5;19;14;15;0;20;1698;
2020;5;19;14;15;0;6;1699;
2020;5;19;14;15;0;4;1700;
2020;5;19;14;15;0;20;1701;
2020;5;19;14;15;0;10;1702;
2020;5;19;14;15;0;2;1703;
2020;5;19;14;15;0;18;1704;
2020;5;19;14;15;0;12;1705;
2020;5;19;14;15;0;0;1706;
2020;5;19;14;15;0;16;1707;
2020;5;19;14;15;0;14;1708;
2020;5;19;14;15;0;0;1709;
2020;5;19;14;15;0;14;1710;
2020;5;19;14;15;0;16;1711;
2020;5;19;14;15;0;0;1712;
2020;5;19;14;15;0;10;1713;
2020;5;19;14;15;0;18;1714;
2020;5;19;14;15;0;2;1715;
2020;5;19;14;15;0;8;1716;
2020;5;19;14;15;0;20;1717;
2020;5;19;14;15;0;4;1718;
2020;5;19;14;15;0;6;1719;
2020;5;19;14;15;0;20;1720;
2020;5;19;14;15;0;6;1721;
2020;5;19;14;15;0;4;1722;
2020;5;19;14;15;0;20;1723;
2020;5;19;14;15;0;8;1724;
2020;5;19;14;15;0;2;1725;
2020;5;19;14;15;0;18;1726;
2020;5;19;14;15;0;12;1727;
2020;5;19;14;15;0;0;1728;
2020;5;19;14;15;0;16;1729;
2020;5;19;14;15;0;14;1730;
2020;5;19;14;15;0;0;1731;
2020;5;19;14;15;0;14;1732;
2020;5;19;14;15;0;16;1733;
2020;5;19;14;15;0;0;1734;
2020;5;19;14;15;0;12;1735;
2020;5;19;14;15;0;18;1736;
2020;5;19;14;15;0;2;1737;
2020;5;19;14;15;0;8;1738;
2020;5;19;14;15;0;20;1739;
2020;5;19;14;15;0;4;1740;
2020;5;19;14;15;0;6;1741;
2020;5;19;14;15;0;20;1742;
2020;5;19;14;15;0;6;1743;
2020;5;19;14;15;0;4;1744;
2020;5;19;14;15;0;20;1745;
2020;5;19;14;15;0;8;1746;
2020;5;19;14;15;0;2;1747;
2020;5;19;14;15;0;18;1748;
2020;5;19;14;15;0;12;1749;
2020;5;19;14;15;0;0;1750;
2020;5;19;14;15;0;16;1751;
2020;5;19;14;15;0;14;1752;
2020;5;19;14;15;0;0;1753;
2020;5;19;14;15;0;14;1754;
2020;5;19;14;15;0;16;1755;
2020;5;19;14;15;0;0;1756;
2020;5;19;14;15;0;12;1757;
2020;5;19;14;15;0;18;1758;
2020;5;19;14;15;0;2;1759;
2020;5;19;14;15;0;8;1760;
2020;5;19;14;15;0;20;1761;
2020;5;19;14;15;0;4;1762;
2020;5;19;14;15;0;6;1763;
2020;5;19;14;15;0;20;1764;
2020;5;19;14;15;0;6;1765;
2020;5;19;14;15;0;4;1766;
2020;5;19;14;15;0;20;1767;
2020;5;19;14;15;0;8;1768;
2020;5;19;14;15;0;2;1769;
2020;5;19;14;15;0;18;1770;
2020;5;19;14;15;0;12;1771;
2020;5;19;14;15;0;0;1772;
2020;5;19;14;15;0;16;1773;
2020;5;19;14;15;0;14;1774;
2020;5;19;14;15;0;0;1775;
2020;5;19;14;15;0;14;1776;
2020;5;19;14;15;0;16;1777;
2020;5;19;14;15;0;0;1778;
2020;5;19;14;15;0;12;1779;
2020;5;19;14;15;0;18;1780;
2020;5;19;14;15;0;2;1781;
2020;5;19;14;15;0;8;1782;
2020;5;19;14;15;0;20;1783;
2020;5;19;14;15;0;4;1784;
2020;5;19;14;15;0;6;1785;
2020;5;19;14;15;0;20;1786;
2020;5;19;14;15;0;6;1787;
2020;5;19;14;15;0;4;1788;
2020;5;19;14;15;0;20;1789;
2020;5;19;14;15;0;8;1790;
2020;5;19;14;15;0;2;1791;
2020;5;19;14;15;0;18;1792;
2020;5;19;14;15;0;12;1793;
2020;5;19;14;15;0;0;1794;
2020;5;19;14;15;0;16;1795;
2020;5;19;14;15;0;14;1796;
2020;5;19;14;15;0;0;1797;
2020;5;19;14;15;0;14;1798;
2020;5;19;14;15;0;16;1799;
2020;5;19;14;15;0;0;1800;
2020;5;19;14;15;0;12;1801;
2020;5;19;14;15;0;18;1802;
2020;5;19;14;15;0;2;1803;
2020;5;19;14;15;0;8;1804;
2020;5;19;14;15;0;20;1805;
2020;5;19;14;15;0;4;1806;
2020;5;19;14;15;0;6;1807;
2020;5;19;14;15;0;20;1808;
2020;5;19;14;15;0;6;1809;
2020;5;19;14;15;0;4;1810;
2020;5;19;14;15;0;20;1811;
2020;5;19;14;15;0;8;1812;
2020;5;19;14;15;0;2;1813;
2020;5;19;14;15;0;18;1814;
2020;5;19;14;15;0;12;1815;
2020;5;19;14;15;0;0;1816;
2020;5;19;14;15;0;16;1817;
2020;5;19;14;15;0;14;1818;
2020;5;19;14;15;0;0;1819;
2020;5;19;14;15;0;14;1820;
2020;5;19;14;15;0;16;1821;
2020;5;19;14;15;0;0;1822;
2020;5;19;14;15;0;12;1823;
2020;5;19;14;15;0;18;1824;
2020;5;19;14;15;0;2;1825;
2020;5;19;14;15;0;8;1826;
2020;5;19;14;15;0;20;1827;
2020;5;19;14;15;0;4;1828;
2020;5;19;14;15;0;6;1829;
2020;5;19;14;15;0;20;1830;
2020;5;19;14;15;0;6;1831;
2020;5;19;14;15;0;4;1832;
2020;5;19;14;15;0;20;1833;
2020;5;19;14;15;0;8;1834;
2020;5;19;14;15;0;2;1835;
2020;5;19;14;15;0;18;1836;
2020;5;19;14;15;0;10;1837;
2020;5;19;14;15;0;0;1838;
2020;5;19;14;15;0;16;1839;
2020;5;19;14;15;0;14;1840;
2020;5;19;14;15;0;0;1841;
2020;5;19;14;15;0;14;1842;
2020;5;19;14;15;0;16;1843;
2020;5;19;14;15;0;0;1844;
2020;5;19;14;15;0;12;1845;
2020;5;19;14;15;0;18;1846;
2020;5;19;14;15;0;2;1847;
2020;5;19;14;15;0;10;1848;
2020;5;19;14;15;0;20;1849;
2020;5;19;14;15;0;4;1850;
2020;5;19;14;15;0;6;1851;
2020;5;19;14;15;0;20;1852;
2020;5;19;14;15;0;6;1853;
2020;5;19;14;15;0;4;1854;
2020;5;19;14;15;0;20;1855;
2020;5;19;14;15;0;8;1856;
2020;5;19;14;15;0;2;1857;
2020;5;19;14;15;0;18;1858;
2020;5;19;14;15;0;10;1859;
2020;5;19;14;15;0;0;1860;
2020;5;19;14;15;0;18;1861;
2020;5;19;14;15;0;14;1862;
2020;5;19;14;15;0;0;1863;
2020;5;19;14;15;0;14;1864;
2020;5;19;14;15;0;16;1865;
2020;5;19;14;15;0;0;1866;
2020;5;19;14;15;0;12;1867;
2020;5;19;14;15;0;18;1868;
2020;5;19;14;15;0;2;1869;
2020;5;19;14;15;0;10;1870;
2020;5;19;14;15;0;20;1871;
2020;5;19;14;15;0;2;1872;
2020;5;19;14;15;0;6;1873;
2020;5;19;14;15;0;20;1874;
2020;5;19;14;15;0;6;1875;
2020;5;19;14;15;0;4;1876;
2020;5;19;14;15;0;20;1877;
2020;5;19;14;15;0;8;1878;
2020;5;19;14;15;0;2;1879;
2020;5;19;14;15;0;18;1880;
2020;5;19;14;15;0;10;1881;
2020;5;19;14;15;0;0;1882;
2020;5;19;14;15;0;18;1883;
2020;5;19;14;15;0;14;1884;
2020;5;19;14;15;0;0;1885;
2020;5;19;14;15;0;14;1886;
2020;5;19;14;15;0;16;1887;
2020;5;19;14;15;0;0;1888;
2020;5;19;14;15;0;12;1889;
2020;5;19;14;15;0;18;1890;
2020;5;19;14;15;0;2;1891;
2020;5;19;14;15;0;10;1892;
2020;5;19;14;15;0;20;1893;
2020;5;19;14;15;0;2;1894;
2020;5;19;14;15;0;6;1895;
2020;5;19;14;15;0;20;1896;
2020;5;19;14;15;0;4;1897;
2020;5;19;14;15;0;4;1898;
2020;5;19;14;15;0;20;1899;
2020;5;19;14;15;0;8;1900;
2020;5;19;14;15;0;2;1901;
2020;5;19;14;15;0;18;1902;
2020;5;19;14;15;0;10;1903;
2020;5;19;14;15;0;0;1904;
2020;5;19;14;15;0;18;1905;
2020;5;19;14;15;0;14;1906;
2020;5;19;14;15;0;0;1907;
2020;5;19;14;15;0;16;1908;
2020;5;19;14;15;0;16;1909;
2020;5;19;14;15;0;0;1910;
2020;5;19;14;15;0;12;1911;
2020;5;19;14;15;0;18;1912;
2020;5;19;14;15;0;2;1913;
2020;5;19;14;15;0;10;1914;
2020;5;19;14;15;0;20;1915;
2020;5;19;14;15;0;2;1916;
2020;5;19;14;15;0;6;1917;
2020;5;19;14;15;0;20;1918;
2020;5;19;14;15;0;4;1919;
2020;5;19;14;15;0;4;1920;
2020;5;19;14;15;0;20;1921;
2020;5;19;14;15;0;8;1922;
2020;5;19;14;15;0;2;1923;
2020;5;19;14;15;0;20;1924;
2020;5;19;14;15;0;10;1925;
2020;5;19;14;15;0;0;1926;
2020;5;19;14;15;0;18;1927;
2020;5;19;14;15;0;14;1928;
2020;5;19;14;15;0;0;1929;
2020;5;19;14;15;0;16;1930;
2020;5;19;14;15;0;16;1931;
2020;5;19;14;15;0;0;1932;
2020;5;19;14;15;0;12;1933;
2020;5;19;14;15;0;18;1934;
2020;5;19;14;15;0;0;1935;
2020;5;19;14;15;0;10;1936;
2020;5;19;14;15;0;20;1937;
2020;5;19;14;15;0;2;1938;
2020;5;19;14;15;0;8;1939;
2020;5;19;14;15;0;20;1940;
2020;5;19;14;15;0;4;1941;
2020;5;19;14;15;0;4;1942;
2020;5;19;14;15;0;20;1943;
2020;5;19;14;15;0;8;1944;
2020;5;19;14;15;0;2;1945;
2020;5;19;14;15;0;20;1946;
2020;5;19;14;15;0;10;1947;
2020;5;19;14;15;0;0;1948;
2020;5;19;14;15;0;18;1949;
2020;5;19;14;15;0;12;1950;
2020;5;19;14;15;0;0;1951;
2020;5;19;14;15;0;16;1952;
2020;5;19;14;15;0;16;1953;
2020;5;19;14;15;0;0;1954;
2020;5;19;14;15;0;12;1955;
2020;5;19;14;15;0;18;1956;
2020;5;19;14;15;0;0;1957;
2020;5;19;14;15;0;10;1958;
2020;5;19;14;15;0;20;1959;
2020;5;19;14;15;0;2;1960;
2020;5;19;14;15;0;8;1961;
2020;5;19;14;15;0;20;1962;
2020;5;19;14;15;0;4;1963;
2020;5;19;14;15;0;4;1964;
2020;5;19;14;15;0;20;1965;
2020;5;19;14;15;0;8;1966;
2020;5;19;14;15;0;2;1967;
2020;5;19;14;15;0;20;1968;
2020;5;19;14;15;0;10;1969;
2020;5;19;14;15;0;0;1970;
2020;5;19;14;15;0;18;1971;
2020;5;19;14;15;0;12;1972;
2020;5;19;14;15;0;0;1973;
2020;5;19;14;15;0;16;1974;
2020;5;19;14;15;0;16;1975;
2020;5;19;14;15;0;0;1976;
2020;5;19;14;15;0;14;1977;
2020;5;19;14;15;0;18;1978;
2020;5;19;14;15;0;0;1979;
2020;5;19;14;15;0;10;1980;
2020;5;19;14;15;0;18;1981;
2020;5;19;14;15;0;2;1982;
2020;5;19;14;15;0;8;1983;
2020;5;19;14;15;0;20;1984;
2020;5;19;14;15;0;4;1985;
2020;5;19;14;15;0;4;1986;
2020;5;19;14;15;0;20;1987;
2020;5;19;14;15;0;6;1988;
2020;5;19;14;15;0;2;1989;
2020;5;19;14;15;0;20;1990;
2020;5;19;14;15;0;10;1991;
2020;5;19;14;15;0;2;1992;
2020;5;19;14;15;0;18;1993;
2020;5;19;14;15;0;12;1994;
2020;5;19;14;15;0;0;1995;
2020;5;19;14;15;0;16;1996;
2020;5;19;14;15;0;16;1997;
2020;5;19;14;15;0;0;1998;
2020;5;19;14;15;0;14;1999;
2020;5;19;14;15;0;18;2000;
2020;5;19;14;15;0;0;2001;
2020;5;19;14;15;0;10;2002;
2020;5;19;14;15;0;18;2003;
2020;5;19;14;15;0;2;2004;
2020;5;19;14;15;0;8;2005;
2020;5;19;14;15;0;20;2006;
2020;5;19;14;15;0;4;2007;
2020;5;19;14;15;0;4;2008;
2020;5;19;14;15;0;20;2009;
2020;5;19;14;15;0;6;2010;
2020;5;19;14;15;0;2;2011;
2020;5;19;14;15;0;20;2012;
2020;5;19;14;15;0;10;2013;
2020;5;19;14;15;0;2;2014;
2020;5;19;14;15;0;18;2015;
2020;5;19;14;15;0;12;2016;
2020;5;19;14;15;0;0;2017;
2020;5;19;14;15;0;16;2018;
2020;5;19;14;15;0;14;2019;
2020;5;19;14;15;0;0;2020;
2020;5;19;14;15;0;14;2021;
2020;5;19;14;15;0;18;2022;
2020;5;19;14;15;0;0;2023;
2020;5;19;14;15;0;10;2024;
2020;5;19;14;15;0;18;2025;
2020;5;19;14;15;0;2;2026;
2020;5;19;14;15;0;8;2027;
2020;5;19;14;15;0;20;2028;
2020;5;19;14;15;0;4;2029;
2020;5;19;14;15;0;6;2030;
2020;5;19;14;15;0;20;2031;
2020;5;19;14;15;0;6;2032;
2020;5;19;14;15;0;2;2033;
2020;5;19;14;15;0;20;2034;
2020;5;19;14;15;0;10;2035;
2020;5;19;14;15;0;2;2036;
2020;5;19;14;15;0;18;2037;
2020;5;19;14;15;0;12;2038;
2020;5;19;14;15;0;0;2039;
2020;5;19;14;15;0;16;2040;
2020;5;19;14;15;0;14;2041;
2020;5;19;14;15;0;0;2042;
2020;5;19;14;15;0;14;2043;
2020;5;19;14;15;0;18;2044;
2020;5;19;14;15;0;0;2045;
2020;5;19;14;15;0;10;2046;
2020;5;19;14;15;0;18;2047;
2020;5;19;14;15;0;2;2048;
2020;5;19;14;15;0;8;2049;
2020;5;19;14;15;0;20;2050;
2020;5;19;14;15;0;4;2051;
2020;5;19;14;15;0;6;2052;
2020;5;19;14;15;0;20;2053;
2020;5;19;14;15;0;6;2054;
2020;5;19;14;15;0;4;2055;
2020;5;19;14;15;0;20;2056;
2020;5;19;14;15;0;10;2057;
2020;5;19;14;15;0;2;2058;
2020;5;19;14;15;0;18;2059;
2020;5;19;14;15;0;12;2060;
2020;5;19;14;15;0;0;2061;
2020;5;19;14;15;0;16;2062;
2020;5;19;14;15;0;14;2063;
2020;5;19;14;15;0;0;2064;
2020;5;19;14;15;0;14;2065;
2020;5;19;14;15;0;16;2066;
2020;5;19;14;15;0;0;2067;
2020;5;19;14;15;0;10;2068;
2020;5;19;14;15;0;18;2069;
2020;5;19;14;15;0;2;2070;
2020;5;19;14;15;0;8;2071;
2020;5;19;14;15;0;20;2072;
2020;5;19;14;15;0;4;2073;
2020;5;19;14;15;0;6;2074;
2020;5;19;14;15;0;20;2075;
2020;5;19;14;15;0;6;2076;
2020;5;19;14;15;0;4;2077;
2020;5;19;14;15;0;20;2078;
2020;5;19;14;15;0;8;2079;
2020;5;19;14;15;0;2;2080;
2020;5;19;14;15;0;18;2081;
2020;5;19;14;15;0;12;2082;
2020;5;19;14;15;0;0;2083;
2020;5;19;14;15;0;16;2084;
2020;5;19;14;15;0;14;2085;
2020;5;19;14;15;0;0;2086;
2020;5;19;14;15;0;14;2087;
2020;5;19;14;15;0;16;2088;
2020;5;19;14;15;0;0;2089;
2020;5;19;14;15;0;12;2090;
2020;5;19;14;15;0;18;2091;
2020;5;19;14;15;0;2;2092;
2020;5;19;14;15;0;8;2093;
2020;5;19;14;15;0;20;2094;
2020;5;19;14;15;0;4;2095;
2020;5;19;14;15;0;6;2096;
2020;5;19;14;15;0;20;2097;
2020;5;19;14;15;0;6;2098;
2020;5;19;14;15;0;4;2099;
2020;5;19;14;15;0;20;2100;
2020;5;19;14;15;0;8;2101;
2020;5;19;14;15;0;2;2102;
2020;5;19;14;15;0;18;2103;
2020;5;19;14;15;0;12;2104;
2020;5;19;14;15;0;0;2105;
2020;5;19;14;15;0;16;2106;
2020;5;19;14;15;0;14;2107;
2020;5;19;14;15;0;0;2108;
2020;5;19;14;15;0;14;2109;
2020;5;19;14;15;0;16;2110;
2020;5;19;14;15;0;0;2111;
2020;5;19;14;15;0;12;2112;
2020;5;19;14;15;0;18;2113;
2020;5;19;14;15;0;2;2114;
2020;5;19;14;15;0;8;2115;
2020;5;19;14;15;0;20;2116;
2020;5;19;14;15;0;4;2117;
2020;5;19;14;15;0;6;2118;
2020;5;19;14;15;0;20;2119;
2020;5;19;14;15;0;6;2120;
2020;5;19;14;15;0;4;2121;
2020;5;19;14;15;0;20;2122;
2020;5;19;14;15;0;8;2123;
2020;5;19;14;15;0;2;2124;
2020;5;19;14;15;0;18;2125;
2020;5;19;14;15;0;12;2126;
2020;5;19;14;15;0;0;2127;
2020;5;19;14;15;0;16;2128;
2020;5;19;14;15;0;14;2129;
2020;5;19;14;15;0;0;2130;
2020;5;19;14;15;0;14;2131;
2020;5;19;14;15;0;16;2132;
2020;5;19;14;15;0;0;2133;
2020;5;19;14;15;0;12;2134;
2020;5;19;14;15;0;18;2135;
2020;5;19;14;15;0;2;2136;
2020;5;19;14;15;0;8;2137;
2020;5;19;14;15;0;20;2138;
2020;5;19;14;15;0;4;2139;
2020;5;19;14;15;0;6;2140;
2020;5;19;14;15;0;20;2141;
2020;5;19;14;15;0;6;2142;
2020;5;19;14;15;0;4;2143;
2020;5;19;14;15;0;20;2144;
2020;5;19;14;15;0;8;2145;
2020;5;19;14;15;0;2;2146;
2020;5;19;14;15;0;18;2147;
2020;5;19;14;15;0;12;2148;
2020;5;19;14;15;0;0;2149;
2020;5;19;14;15;0;16;2150;
2020;5;19;14;15;0;14;2151;
2020;5;19;14;15;0;0;2152;
2020;5;19;14;15;0;14;2153;
2020;5;19;14;15;0;16;2154;
2020;5;19;14;15;0;0;2155;
2020;5;19;14;15;0;12;2156;
2020;5;19;14;15;0;18;2157;
2020;5;19;14;15;0;2;2158;
2020;5;19;14;15;0;8;2159;
2020;5;19;14;15;0;20;2160;
2020;5;19;14;15;0;4;2161;
2020;5;19;14;15;0;6;2162;
2020;5;19;14;15;0;20;2163;
2020;5;19;14;15;0;6;2164;
2020;5;19;14;15;0;4;2165;
2020;5;19;14;15;0;20;2166;
2020;5;19;14;15;0;8;2167;
